name,time
naive,1.8710084
logcheck,0.3814187999999996
