name,time
Naive,21.1330256
Log Check,8.8012163
Sieve of Eratosthenes,1.8524145999999995
