name,time
Naive,19.9279302
Log Check,9.156015999999997
Sieve of Eratosthenes,1.9217469999999999
